			基データ(↓日本語なら「en⇨ja」に変える	アフリカーンス語	アルバニア語	アムハラ語	アラビア文字	アルメニア語	アゼルバイジャン語	バスク語	ベラルーシ語	ベンガル文字	ボスニア語	ブルガリア語	カタロニア語	セブ語	中国語	中国語（簡体）	中国語（繁体）	コルシカ語	クロアチア語	チェコ語	デンマーク語	オランダ語	英語	エスペラント語	エストニア語	フィンランド語	フランス語	フリジア語	ガリシア語	グルジア語	ドイツ語	ギリシャ語	グジャラト語	クレオール語（ハイチ）	ハウサ語	ハワイ語	ヘブライ語	ヒンディー語	モン語	ハンガリー語	アイスランド語	イボ語	インドネシア語	アイルランド語	イタリア語	日本語	ジャワ語	カンナダ語	カザフ語	クメール語	キニヤルワンダ語	韓国語	クルド語	キルギス語	ラオ語	ラトビア語	リトアニア語	ルクセンブルク語	マケドニア語	マラガシ語	マレー語	マラヤーラム文字	マルタ語	マオリ語	マラーティー語	モンゴル語	ミャンマー語（ビルマ語）	ネパール語	ノルウェー語	ニャンジャ語（チェワ語）	オリヤ語	パシュト語	ペルシャ語	ポーランド語	ポルトガル語（ポルトガル、ブラジル）	パンジャブ語	ルーマニア語	ロシア語	サモア語	スコットランド ゲール語	セルビア語	セソト語	ショナ語	シンド語	シンハラ語	スロバキア語	スロベニア語	ソマリ語	スペイン語	スンダ語	スワヒリ語	スウェーデン語	タガログ語（フィリピン語）	タジク語	タミル語	タタール語	テルグ語	タイ語	トルコ語	トルクメン語	ウクライナ語	ウルドゥー語	ウイグル語	ウズベク語	ベトナム語	ウェールズ語	コーサ語	イディッシュ語	ヨルバ語	ズールー語
ページ	コメント	jsonProperty	en	af	sq	am	ar	hy	az	eu	be	bn	bs	bg	ca	ceb	zh	zh-CN	zh-TW	co	hr	cs	da	nl	en	eo	et	fi	fr	fy	gl	ka	de	el	gu	ht	ha	haw	he	hi	hmn	hu	is	ig	id	ga	it	ja	jv	kn	kk	km	rw	ko	ku	ky	lo	lv	lt	lb	mk	mg	ms	ml	mt	mi	mr	mn	my	ne	no	ny	or	ps	fa	pl	pt	pa	ro	ru	sm	gd	sr	st	sn	sd	si	sk	sl	so	es	su	sw	sv	tl	tg	ta	tt	te	th	tr	tk	uk	ur	ug	uz	vi	cy	xh	yi	yo	zu
タイトル画面	こんにちは	hello	hello	hallo	Përshëndetje	እው ሰላም ነው	أهلا	Բարեւ Ձեզ	Salam	agur	добры дзень	হ্যালো	zdravo	Здравейте	Hola	timbaya	你好	你好	你好	bonghjornu	zdravo	Ahoj	Hej	Hallo	hello	Saluton	Tere	Hei	bonjour	hallo	Ola	გამარჯობა	hallo	Χαίρετε	નમસ્તે	alo	sannu	aloha	שלום	नमस्ते	nyob zoo	Szia	Halló	Nnọọ	halo	Dia dhuit	ciao	こんにちは	hello	ನಮಸ್ಕಾರ	Сәлеметсіз бе	ចមរាបសយរ	muraho	안녕하세요	slav	салам	ສະບາຍດີ	Sveiki	Sveiki	Hallo	Здраво	Salama	Helo	ഹലോ	Bongu	ora	नमस्कार	Сайн уу	ဟယ်လို	अभिवादन	Hallo	Moni	ନମସ୍କାର	سلام	سلام	Witam	olá	ਸਤ ਸ੍ਰੀ ਅਕਾਲ	Buna ziua	привет	talofa	halò	Здраво	Lumela	mhoro	هيلو	ආයුබෝවන්	Ahoj	zdravo	ma nabad baa	Hola	Halo	hello	Hallå	Kamusta	Салом	வணக்கம்	Сәлам	హలో	สวัสดี	merhaba	salam	привіт	ہیلو	ياخشىمۇسىز	Salom	xin chào	Helo	mholweni	אַ גוטן	Pẹlẹ o	Sawubona
	タイトル	title	Flutter Demo Home Page	Fladder demo tuisblad	Flutter Demo Faqja kryesore	የመነሻ ማሳያ መነሻ ገጽ	الصفحة الرئيسية Demo Flutter	Flutter Demo գլխավոր էջ	Flutter Demo Ana Səhifə	Flutter Demo Hasierako orria	Галоўная старонка Demo Flutter	ফ্লুটার ডেমো হোম পৃষ্ঠা	Lebdec demonjska stranica	Flutter Demo начална страница	Flutter Demo Pàgina d'inici	Page sa Demo Home	Flutter Demo主页	Flutter Demo主页	Flutter Demo主頁	Flutter Demo Home Pagina	Flutter demo početna stranica	Flutter Demo Home Page	Flutter demo hjemmeside	HOME Pagina van de flutter demo	Flutter Demo Home Page	Hejmpaĝo de Flutter Demo	Lehvitage demo avaleht	Flutter Demo -sivu	Page d'accueil de la démonstration de Flutter	Flutter Demo Startpagina	Páxina de inicio de demostración de flutter	Flutter Demo საწყისი გვერდი	Flutter -Demo -Homepage	Αρχική σελίδα Demruter Demo	ફ્લટર ડેમો હોમ પેજ	Flutter Demo lakay paj	Shafin Gida na Futter	ʻAoʻao home Kōkua Fluster	דף הבית של הדגמת רפרוף	स्पंदन डेमो होम पेज	Fling Demo Tsev Nplooj	Flutter Demo honlap	Flutter Demo Heimasíða	Peeji nke Flterter Home	Halaman rumah demo flutter	Leathanach baile taispeána flutter	Home page della demo di Flutter	フラッターデモのホームページ	Kaca Ngarep FLUTTER DEMO	ಫ್ಲಟರ್ ಡೆಮೊ ಮುಖಪುಟ	Дыбырту демонстрациялық үй беті	ទំព័រដើមទំព័រដើម	Page ya demo demo	플러터 데모 홈페이지	Rûpela Serûpelê Demo ya Flutter	Flutter Demo Home	ຫນ້າທໍາອິດຂອງ Flutter Demo	Flutter Demo mājas lapa	Plekiojimo demonstracinis puslapis	Flutter Demo Home Säit	Демо почетна страница на флатер	Pejin'ny trano Demo Butter	Halaman rumah demo yang berkilauan	ഫ്ലെട്ടർ ഡെമോ ഹോം പേജ്	Flutter Demo Home Page	Paetukutuku Flutter Dromo Whārangi	फडफड डेमो मुख्यपृष्ठ	Flutter Demo Home хуудас	Flutter သရုပ်ပြ home စာမျက်နှာ	फ्लोटर डेमो गृह पृष्ठ	Flutter Demo hjemmeside	Tsamba Laurter Count	ଫ୍ଲୁଟର୍ ଡେମୋ ମୂଳପୃଷ୍ଠା |	د فلټر ډیمو کور پا .ه	صفحه اصلی نسخه ی نمایشی Flutter	Strona główna Demo Flutter Demo	Flutter Demo Home Page	ਫਿ right ਚਰਜ਼ ਡੈਮੋ ਹੋਮ ਪੇਜ	Pagina de pornire a demo -ului Flutter	Флаттерная демонстрационная домашняя страница	Flitter Demo House Itulau	Duilleag dachaigh Flutter Demo	Леттер Демо Почетна страница	Flutter demo ea lapeng	Flutter demo imba peji	فلٽر ڊيمو گهر جو صفحو	ෆ්ලූටර් ප්රදර්ශන මුල් පිටුව	Domovská stránka Flutter Demo	Domača stran Flutter Demo	Devette Demo Bogga	Página de inicio de Demo de Flutter	Halaman Home Home Home	Ukurasa wa nyumbani wa Flutter Demo	Flutter demo hemsida	Flutter Demo Home Page	Flacker Саҳифаи намоишӣ	ஃப்ளட்டர் டெமோ முகப்பு பக்கம்	Тәртип Демо Баш бит	ఫ్లట్టర్ డెమో హోమ్ పేజీ	โฮมเพจ Demo Flutter	Flutter Demo Ana Sayfası	Demo baş sahypasy	Домашня сторінка Flutter Demo	پھڑپھڑ ڈیمو ہوم پیج	Flutter Dame باش بېتى	Flör demo uy sahifasi	Trang chủ demo flutter	Tudalen Gartref Demo Flutter	Iphepha le-Plutter Pam ye-Plall	פלאָנט דעמאָ היים בלאַט	Ohun elo Demort Demo	Ikhasi lasekhaya le-Flutter Demo
	何回押したよ	message	You have pushed the button this many times	U het die knoppie al baie keer gedruk	Ju e keni shtypur butonin këtë shumë herë	አዝራሩን ብዙ ጊዜ ገፋፍተዋል	لقد دفعت الزر هذا عدة مرات	Դուք այս բազմիցս հրել եք կոճակը	Bu düyməni dəfələrlə itələdin	Askotan botoia sakatu duzu	Вы шмат разоў націскалі кнопку	আপনি এই বোতামটি বহুবার চাপ দিয়েছেন	Dugo puta ste gurnuli dugme	Вие сте натиснали бутона това много пъти	Heu pressionat el botó moltes vegades	Imong giduso ang butones sa daghang mga higayon	您已经按下了很多次按钮	您已经按下了很多次按钮	您已經按下了很多次按鈕	Avete pusatu u buttone chì parechje volte	To ste više puta pritisnuli gumb	Tlačítko jste to mnohokrát stiskli	Du har trykket på knappen så mange gange	Je hebt de knop zo vaak gedrukt	You have pushed the button this many times	Vi multfoje premis la butonon	Olete nuppu nii mitu korda vajutanud	Olet painannut painiketta monta kertaa	Vous avez appuyé sur le bouton cette fois	Jo hawwe dizze in protte kearen de knop skood	Pushou o botón isto moitas veces	თქვენ ბევრჯერ მიამაგრეთ ღილაკი	Sie haben den Knopf so oft gedrückt	Έχετε ωθήσει το κουμπί πολλές φορές	તમે આ ઘણી વખત બટનને દબાણ કર્યું છે	Ou te pouse bouton sa a anpil fwa	Kun tura maballin wannan sau da yawa	Ua hukiʻoe i ka pihi i kēia mau manawa	לחצת על הכפתור כל כך הרבה פעמים	आपने कई बार बटन को धक्का दिया है	Koj tau thawb lub pob no ntau zaus	Sokszor megnyomta a gombot	Þú hefur ýtt á hnappinn þetta margoft	I tinyela bọtịnụ a ọtụtụ oge	Anda telah menekan tombol ini berkali -kali	Tá an cnaipe bhrúite agat seo go minic	Hai premuto il pulsante così tante volte	これほど何度もボタンを押しました	Sampeyan wis nyurung tombol iki kakehan	ನೀವು ಬಟನ್ ಅನ್ನು ಹಲವು ಬಾರಿ ತಳ್ಳಿದ್ದೀರಿ	Түймені бірнеше рет итердіңіз	អ្នកបានរុញប៊ូតុងនេះច្រើនដង	Wasunitse buto ibi inshuro nyinshi	당신은 이것을 여러 번 버튼을 눌렀습니다	We gelek caran bişkojka kişand	Сиз баскычты бир нече жолу түртүп жибердиңиз	ທ່ານໄດ້ກົດປຸ່ມນີ້ຫຼາຍຄັ້ງແລ້ວ	Jūs tik daudz reizes esat nospiedis pogu	Jūs taip daug kartų paspaudėte mygtuką	Dir hutt de Knäppchen dëse Knäppchen gedréckt	Го туркавте копчето ова многу пати	Nanosika ny bokotra ity imbetsaka ianao	Anda telah menolak butang ini berkali -kali	നിങ്ങൾ ബട്ടൺ അമർത്തിക്കൊണ്ടിരിക്കുന്നു	Int imbuttajt il-buttuna dan ħafna drabi	Kua peia e koe te paatene i tenei wa maha	आपण हे बटण बर्‍याच वेळा ढकलले आहे	Та энэ товчийг дарсан байна	သငျသညျဤအကြိမ်ပေါင်းများစွာခလုတ်တွန်းပါပြီ	तपाईंले यो धेरै पटक बटन धकेड्लनुभयो	Du har trykket på knappen så mange ganger	Mwakankhira batani nthawi zambiri	ଆପଣ ଏହାକୁ ଅନେକ ଥର ବଟନ୍ କୁ ଠେଲି ଦେଇଛନ୍ତି |	تاسو د دې ډیری وختونو ت button ۍ اړولی	شما بارها دکمه را فشار داده اید	Wymisałeś przycisk tak wiele razy	Você apertou o botão tantas vezes	ਤੁਸੀਂ ਇਸ ਨੂੰ ਬਹੁਤ ਵਾਰ ਧੱਕਿਆ ਹੈ	Ați apăsat butonul de multe ori de multe ori	Вы нажали кнопку так много раз	Ua e tuleia le faamau lea i le tele o taimi	Tha thu air am putan a phutadh seo iomadh uair	Ово си то много пута гурнуо	U sutumetse konopo ka makhetlo a mangata	Iwe wakasundira bhatani rino kakawanda	توهان هن کي ڪيترائي ڀيرا بٽڻ دٻايو آهي	ඔබ මෙය බොහෝ වාරයක් බොත්තම තල්ලු කර ඇත	Tlačidlo ste stlačili mnohokrát	TO že večkrat potisnili gumb	Waxaad riixday badhanka marar badan	Has presionado el botón tantas veces	Anjeun parantos kadorong tombol ieu sababaraha kali	Umesukuma kitufe hiki mara nyingi	Du har tryckt på knappen så många gånger	Itinulak mo ang pindutan nang maraming beses	Шумо чандин маротиба тугмаро тела додаед	நீங்கள் இதை பல முறை பொத்தானை அழுத்தியுள்ளீர்கள்	Сез бу күп тапкыр төймәгә этәрдегез	మీరు బటన్‌ను చాలాసార్లు నెట్టారు	คุณกดปุ่มนี้หลายครั้งแล้ว	Düğmeye birçok kez bastın	Bu düwmäni köp gezek iteklediňiz	Ви багато разів натиснули кнопку	آپ نے یہ کئی بار بٹن کو دھکا دیا ہے	سىز بۇ كۇنۇپكىنى ئىتتىرىۋەتتىڭىز	Siz bu tugmachani ko'p marta itardingiz	Bạn đã nhấn nút này nhiều lần	Rydych chi wedi gwthio'r botwm hyn lawer gwaith	Utyhale iqhosha eliphindwe kaninzi	איר האָט פּושט די קנעפּל אַזוי פילע מאָל	O ti ti sita ni eyi ni ọpọlọpọ igba	Ucindezele inkinobho izikhathi eziningi
ログイン	メールアドレスエラー	msgEmailError	Please enter a valid email address.	Voer 'n geldige e -posadres in.	Ju lutemi shkruani një adresë të vlefshme emaili.	እባክህን ትክክለኛ ኢሜል አስገባ.	رجاء قم بإدخال بريد الكتروني صحيح.	Խնդրում ենք մուտքագրել գործող էլեկտրոնային հասցե.	Zəhmət olmasa etibarlı bir e-poçt adresinizi daxil edin.	Mesedez, sar ezazu helbide elektroniko egokia.	Калі ласка, увядзіце сапраўдны адрас электроннай пошты.	একটি বৈধ ইমেইল ঠিকানা লিখুন।	Molimo Vas da unesete validnu email adresu.	Моля, въведете валиден имейл адрес.	Siusplau, introdueixi una adreça de correu electrònic vàlida.	Palihug pagsulud sa usa ka balido nga email address.	请输入有效的电子邮件地址。	请输入有效的电子邮件地址。	請輸入有效的電子郵件地址。	Scrivite un indirizzu email validu.	Unesite valjanu adresu e -pošte.	Prosím zadejte platnou emailovou adresu.	Indtast venligst en gyldig e-mailadresse.	Gelieve een geldig e-mailadres in te geven.	Please enter a valid email address.	Bonvolu enigi validan retpoŝtan adreson.	Palun sisesta kehtiv e-posti aadress.	Ole hyvä ja syötä toimiva sähköpostiosoite.	S'il vous plaît, mettez une adresse email valide.	Fier in jildich e-postadres yn.	Insira un enderezo de correo electrónico válido.	Გთხოვთ შეიყვანოთ სწორი ელ - ფოსტის მისამართი.	Bitte geben Sie eine gültige E-Mail-Adresse ein.	Παρακαλώ εισάγετε μια έγκυρη διεύθυνση ηλεκτρονικού ταχυδρομείου.	કૃપા કરીને માન્ય ઇમેઇલ સરનામું દાખલ કરો.	Tanpri antre yon adrès imèl valab.	Don Allah shigar da adireshin i-mel mai inganci.	Eʻoluʻolu e hoʻokomo i kahi leka uila pololei.	אנא הזן כתובת דוא"ל תקנית.	कृपया एक वैध ई - मेल एड्रेस डालें।	Thov sau tus email chaw nyob siv tau.	Kérjük valós e-mail címet adjon meg!	Vinsamlegast sláðu inn gilt netfang.	Biko tinye adreesị ozi ịntanetị dabara adaba.	Silakan isi alamat email.	Cuir isteach seoladh ríomhphoist bailí.	Si prega di inserire un indirizzo email valido.	有効なメールアドレスを入力してください。	Ketik alamat email sing bener.	ದಯವಿಟ್ಟು ಸರಿಯಾದ ಇಮೇಲ್ ವಿಳಾಸವನ್ನು ನಮೂದಿಸಿ.	Өтінеміз қолданыстағы электронды пошта адресін енгізіңіз.	សូមបញ្ចូលអាសយដ្ឋានអ៊ីមែលត្រឹមត្រូវ។	Nyamuneka andika aderesi imeri yemewe.	유효한 이메일 주소를 입력하세요.	Ji kerema xwe navnîşek e-nameyek derbasdar binivîse.	Сураныч, жарактуу электрондук почта дарегин киргизиңиз.	ກະລຸນາໃສ່ທີ່ຢູ່ອີເມວທີ່ຖືກຕ້ອງ.	Lūdzu ievadiet derīgu e-pasta adresi.	Prašome įvesti galiojantį elektroninio pašto adresą.	Gitt w.e.g. eng gëlteg E-Mailadress un.	Ве молиме внесете валидна е-маил адреса.	Mampidira adiresy mailaka mandeha azafady.	Sila masukkan alamat emel yang sah.	സാധുവായ ഒരു ഇമെയിൽ വിലാസം നൽകുക.	Jekk jogħġbok ikteb indirizz elettroniku validu.	Tomo koa ki tetahi wahitau imeera whai mana.	कृपया एक वैध ईमेल पत्ता प्रविष्ट करा.	Зөв имэйл хаягаа оруулна уу.	ကျေးဇူးပြု။ မှန်ကန်သောအီးမေးလ်လိပ်စာတစ်ခုဖြည့်ပါ။	कृपया मान्य ईमेल ठेगाना प्रविष्ट गर्नुहोस्।	Vennligst skriv inn en gyldig e-post adresse.	Chonde lowetsani imelo adilesi yolondola.	ଦୟାକରି ଏକ ବ valid ଧ ଇମେଲ୍ ଠିକଣା ପ୍ରବେଶ କରନ୍ତୁ |	مهرباني وکړئ یو معتبر بریښنالیک پته دننه کړئ.	لطفا یک آدرس ایمیل معتبر وارد کنید.	Proszę wpisać aktualny adres e-mail.	Por favor insira um endereço de e-mail válido.	ਇੱਕ ਜਾਇਜ ਈਮੇਲ ਪਤਾ ਦਰਜ ਕਰੋ.	Te rog introdu o adresa de email valida.	Пожалуйста, введите действительный адрес электронной почты.	Faʻamolemole faʻatumu se tuatusi imeli tuatusi.	Cuir a-steach seòladh puist-d dligheach.	Унесите исправну е-маил адресу.	Ka kopo, kenya aterese ea lengolo-tsoibila e sebetsang.	Ndokumbira utore email yakakodzera kero.	مهرباني ڪري صحيح اي ميل پتو داخل ڪريو.	කරණාකර වලංගු ඊතැපැල් ලිපිනයක් ඇතුළු කරන්න.	Prosím zadajte platnú emailovú adresu.	Vnesite veljaven elektronski naslov.	Fadlan qor cinwaan email ansax ah.	Por favor, introduce una dirección de correo electrónico válida.	Mangga lebetkeun alamat email anu leres.	Tafadhali ingiza anwani halali ya barua pepe.	Ange en giltig e -postadress.	Mangyaring magpasok ng isang wastong email address.	Лутфан нишонаи имейли амалкунандаро ворид намоед.	சரியான மின்னஞ்சல் முகவரியை உள்ளிடவும்.	Нәзакәтле электрон почта адресын кертегез.	దయచేసి చెల్లుబాటు అయ్యే ఇమెయిల్ చిరునామాను నమోదు చేయండి.	กรุณาใส่อีเมล์ที่ถูกต้อง.	Geçerli bir e.	Dogry e-poçta salgysyny giriziň.	Будь ласка, введіть дійсну адресу електронної пошти.	برائے مہربانی قابل قبول ای میل ایڈریس لکھیں.	ئىناۋەتلىك ئېلېكترونلۇق خەت ئادرېسىنى كىرگۈزۈڭ.	Iltimos amaldagi e-pochta manzilingizni kiriting.	Vui lòng nhập một địa chỉ email hợp lệ.	Rhowch gyfeiriad e-bost dilys.	Nceda ufake idilesi ekhona.	ביטע לייג אריין א ריכטיגע אימעיל אדרעסס.	Jowo fun fun wa ni imeli re to je otito.	Ngicela ufake ikheli le-imeyili elilungile.
	名前エラー	msgNameError	Please enter at least 4 characters.	Voer asseblief ten minste 4 karakters in.	Ju lutemi shkruani të paktën 4 karaktere.	እባክዎ ቢያንስ 4 ቁምፊዎችን ያስገቡ.	الرجاء إدخال 4 أحرف على الأقل.	Խնդրում ենք մուտքագրել առնվազն 4 նիշ:	Zəhmət olmasa ən azı 4 simvol daxil edin.	Mesedez, sartu gutxienez 4 karaktere.	Калі ласка, увядзіце па меншай меры 4 сімвалы.	কমপক্ষে 4 টি অক্ষর লিখুন দয়া করে।	Unesite najmanje 4 znaka.	Моля, въведете поне 4 знака.	Introduïu almenys 4 caràcters.	Palihug isulat ang labing menos 4 nga mga karakter.	请至少输入4个字符。	请至少输入4个字符。	請至少輸入4個字符。	Per piacè inserite almenu 4 caratteri.	Unesite najmanje 4 znaka.	Zadejte alespoň 4 znaky.	Indtast mindst 4 tegn.	Voer ten minste 4 tekens in.	Please enter at least 4 characters.	Bonvolu enigi almenaŭ 4 signojn.	Sisestage vähemalt 4 tähemärki.	Anna vähintään 4 merkkiä.	Veuillez saisir au moins 4 caractères.	Fier teminsten 4 tekens yn.	Introduza polo menos 4 caracteres.	გთხოვთ, შეიყვანოთ მინიმუმ 4 სიმბოლო.	Bitte geben Sie mindestens 4 Zeichen ein.	Εισαγάγετε τουλάχιστον 4 χαρακτήρες.	કૃપા કરીને ઓછામાં ઓછા 4 અક્ષરો દાખલ કરો.	Tanpri antre omwen 4 karaktè.	Da fatan za a shigar da haruffa 4.	Eʻoluʻolu e komo ma kahi o 4 mau huapalapala.	אנא הכנס לפחות 4 תווים.	कृपया कम से कम 4 अक्षर दर्ज करें।	Thov sau tsawg kawg 4 cim.	Kérjük, írjon be legalább 4 karaktert.	Vinsamlegast sláðu inn að minnsta kosti 4 stafir.	Biko tinye ma ọ dịkarịa ala mkpụrụedemede anọ.	Harap masukkan setidaknya 4 karakter.	Iontráil 4 charachtar ar a laghad.	Inserisci almeno 4 caratteri.	少なくとも4文字を入力してください。	Mangga ketik paling ora 4 karakter.	ದಯವಿಟ್ಟು ಕನಿಷ್ಠ 4 ಅಕ್ಷರಗಳನ್ನು ನಮೂದಿಸಿ.	Кем дегенде 4 таңбаны енгізіңіз.	សូមបញ្ចូលយ៉ាងហោចណាស់ 4 តួអក្សរ។	Nyamuneka andika byibuze inyuguti 4.	최소 4자를 입력하십시오.	Ji kerema xwe bi kêmî ve 4 tîpan binivîse.	Сураныч, жок дегенде 4 белгини киргизиңиз.	ກະລຸນາໃສ່ຢ່າງຫນ້ອຍ 4 ຕົວອັກສອນ.	Lūdzu, ievadiet vismaz 4 rakstzīmes.	Įveskite bent 4 simbolius.	Gitt w.e.g. op d'mannst 4 Zeechen.	Внесете најмалку 4 карактери.	Ampidiro azafady ny litera 4 farafahakeliny.	Sila masukkan sekurang -kurangnya 4 aksara.	കുറഞ്ഞത് 4 പ്രതീകങ്ങളെങ്കിലും നൽകുക.	Jekk jogħġbok daħħal mill-inqas 4 karattri.	Tomo koa ki te neke atu i te 4 nga kiripuaki.	कृपया किमान 4 वर्ण प्रविष्ट करा.	Дор хаяж 4 тэмдэгт оруулна уу.	ကျေးဇူးပြု. အနည်းဆုံးစာလုံး 4 လုံးကိုရိုက်ထည့်ပါ။	कृपया कम्तिमा characters वर्ण प्रविष्ट गर्नुहोस्।	Vennligst skriv inn minst 4 tegn.	Chonde lowetsani zilembo zosachepera 4.	ଦୟାକରି ଅତିକମରେ 4 ଅକ୍ଷର ପ୍ରବେଶ କରନ୍ତୁ |	مهرباني وکړئ لږترلږه 4 حروف دننه کړئ.	لطفاً حداقل 4 حرف را وارد کنید.	Wpisz co najmniej 4 znaki.	Por favor, insira pelo menos 4 caracteres.	ਕਿਰਪਾ ਕਰਕੇ ਘੱਟੋ ਘੱਟ 4 ਅੱਖਰ ਦਾਖਲ ਕਰੋ.	Vă rugăm să introduceți cel puțin 4 caractere.	Пожалуйста, введите не менее 4 символов.	Faʻamolemole ulufale le itiiti ifo 4 mataʻitusi.	Cuir a-steach co-dhiù 4 caractaran.	Унесите најмање 4 знака.	Ka kopo kenya litlhaku tse 4.	Ndokumbira utore anosvika mana mavara.	مهرباني ڪري گهٽ ۾ گهٽ 4 اکرن ۾ داخل ڪريو.	කරුණාකර අවම වශයෙන් අක්ෂර 4 ක් වත් ඇතුළත් කරන්න.	Zadajte najmenej 4 znaky.	Vnesite vsaj 4 znake.	Fadlan gali ugu yaraan 4 xaraf.	Ingrese al menos 4 caracteres.	Punten lebetkeun sahenteuna 4 karakter.	Tafadhali ingiza angalau herufi 4.	Ange minst 4 tecken.	Mangyaring ipasok ang hindi bababa sa 4 na mga character.	Лутфан на камтар аз 4 аломатро ворид кунед.	குறைந்தது 4 எழுத்துக்களை உள்ளிடவும்.	Зинһар, ким дигәндә 4 символ кертегез.	దయచేసి కనీసం 4 అక్షరాలను నమోదు చేయండి.	โปรดป้อนอักขระอย่างน้อย 4 ตัว	Lütfen en az 4 karakter girin.	Iň azyndan 4 simwol giriziň.	Будь ласка, введіть щонайменше 4 символи.	براہ کرم کم از کم 4 حرف درج کریں۔	كەم دېگەندە 4 ھەرپ كىرگۈزۈڭ.	Iltimos, kamida 4 ta belgini kiriting.	Vui lòng nhập ít nhất 4 ký tự.	Rhowch o leiaf 4 nod.	Nceda ufake ubuncinci beempawu ezi-4.	ביטע אַרייַן אין מינדסטער 4 אותיות.	Jọwọ tẹ awọn ohun kikọ 4 o kere ju.	Sicela ufake okungenani izinhlamvu ezi-4.
	パスワードエラー	msgPswdError	Password must be at least 7 charactors long.	Wagwoord moet minstens 7 karaktertrekke lank wees.	Fjalëkalimi duhet të jetë së paku 7 karaktorë i gjatë.	የይለፍ ቃል ቢያንስ 7 ቢሮች ርዝመት መሆን አለበት.	يجب أن تكون كلمة المرور ما لا يقل عن 7 charactors.	Գաղտնաբառը պետք է լինի առնվազն 7 բարերար:	Şifrə ən azı 7 şarjaçı olmalıdır.	Pasahitzak gutxienez 7 kate luze izan behar ditu.	Пароль павінен быць не менш за 7 характараў.	পাসওয়ার্ড অবশ্যই কমপক্ষে 7 চার্ট্যাক্টর দীর্ঘ হতে হবে।	Lozinka mora biti dugačka najmanje 7 karaktera.	Паролата трябва да е дълга поне 7 шарактора.	La contrasenya ha de tenir com a mínim 7 personatges de llarg.	Ang password kinahanglan labing menos 7 nga mga karactors ang gitas-on.	密码必须至少为7个炭镜。	密码必须至少为7个炭镜。	密碼必須至少為7個炭鏡。	A password deve esse almenu 7 caratteristiche.	Lozinka mora biti dugačka najmanje 7.	Heslo musí být dlouhé nejméně 7 charakterů.	Adgangskode skal være mindst 7 karakteristika lang.	Wachtwoord moet minimaal 7 charactors lang zijn.	Password must be at least 7 charactors long.	Pasvorto devas esti almenaŭ 7 trajtoj longa.	Parool peab olema vähemalt 7 charaktorit pikk.	Salasanan on oltava vähintään 7 charaktoria pitkiä.	Le mot de passe doit durer au moins 7 caractéristiques.	Wachtwurd moat op syn minst 7 charakors lang wêze.	O contrasinal debe ter polo menos 7 caracteres.	პაროლი უნდა იყოს მინიმუმ 7 charactors გრძელი.	Das Passwort muss mindestens 7 Charaktoren lang sein.	Ο κωδικός πρόσβασης πρέπει να είναι τουλάχιστον 7 χαρακτήρες.	પાસવર્ડ ઓછામાં ઓછો 7 ચાર્ટર્સ લાંબો હોવો આવશ્યક છે.	Modpas dwe omwen 7 charactors lontan.	Kalmar wucewa dole ne ya zama akalla masu ba da shawara 7.	Pono ka'ōlelo huna ma kahi o 7 mau mea hana lōʻihi.	הסיסמה חייבת להיות באורך של לפחות 7 חסידות.	पासवर्ड कम से कम 7 कैरेक्टर्स लंबा होना चाहिए।	Lo lus zais yuav tsum yog tsawg kawg 7 tus pab them ntev.	A jelszónak legalább 7 karaktornak kell lennie.	Lykilorð verður að vera að minnsta kosti 7 einkenni.	Okwuntughe ga-abụrịrị opekata mpe 7.	Kata sandi harus setidaknya 7 karakter.	Caithfidh pasfhocal a bheith ar a laghad 7 gcinn de charractors fada.	La password deve essere lunga almeno 7 charactors.	パスワードは、少なくとも7つの特性装置でなければなりません。	Tembung sandhi kudu paling ora 7 character.	ಪಾಸ್ವರ್ಡ್ ಕನಿಷ್ಠ 7 ಅನಿರ್ದಿಷ್ಟವಾಗಿರಬೇಕು.	Пароль ұзындығы кемінде 7 чаракторлар болуы керек.	លេខសម្ងាត់ត្រូវតែមានយ៉ាងហោចណាស់ចៀន 7 គ្រឿងវែង។	Ijambobanga rigomba kuba byibuze abakaramu 7.	비밀번호는 최소 7 개의 charactors 길이 여야합니다.	Pêdivî ye ku şîfre bi kêmî ve 7 Charactors dirêj be.	Сырсөз кеминде 7 чаначка болушу керек.	ລະຫັດຜ່ານຕ້ອງມີຢ່າງນ້ອຍ 7 ຕົວລະຄອນຍາວ.	Parolei jābūt vismaz 7 charaktoru garai.	Slaptažodis turi būti bent 7 charaktoriai.	Passwuert muss op d'mannst 7 Characture laang sinn.	Лозинката мора да биде долга најмалку 7 карактери.	Ny tenimiafina dia tsy tokony ho 7 fisolokiana farafahakeliny 7.	Kata laluan mestilah sekurang -kurangnya 7 charactors panjang.	പാസ്വേഡ് കുറഞ്ഞത് 7 ട്രാക്ടറുകളെങ്കിലും ആയിരിക്കണം.	Il-password trid tkun mill-inqas 7 karattri.	Ko te kupuhipa me neke atu i te 7 nga hoia roa.	संकेतशब्द कमीतकमी 7 चॅक्टर लांब असणे आवश्यक आहे.	Нууц үг нь дор хаяж 7 дүрмийн урт байх ёстой.	စကားဝှက်သည်အနည်းဆုံး 7 ခုကိုကြာရှည်စွာပြုလုပ်ရမည်။	पासवर्ड कम्तिमा charchachachors वटा लामो हुनुपर्दछ।	Passordet må være minst 7 charactors langt.	Mawu achinsinsi ayenera kukhala osachepera 7 atracy.	ପାସୱାର୍ଡ ଅତିକମରେ 7 ଟି କୀଟର ଲମ୍ବା ହେବା ଜରୁରୀ |	رمز باید لږترلږه 7 فاکتورونه اوږد وي.	رمز عبور باید حداقل 7 کاراکتر طول داشته باشد.	Hasło musi mieć co najmniej 7 charaktorów.	A senha deve ter pelo menos 7 charactors por muito tempo.	ਪਾਸਵਰਡ ਘੱਟੋ ਘੱਟ 7 ਚਰੀਆ ਹੋਣਾ ਚਾਹੀਦਾ ਹੈ.	Parola trebuie să aibă cel puțin 7 caractere.	Пароль должен составлять не менее 7 характера.	Upu faataga e tatau ona le itiiti ifo 7 feoai le umi.	Feumaidh facal-faire a bhith co-dhiù 7 tharradairean fada.	Лозинка мора бити дугачка најмање 7 кактотера.	Sephiri se tlameha ho ba bonyane li-chaira tse 7 tse telele.	Password inofanira kunge iri angangoita chijaya chijaya.	پاسورڊ گهٽ ۾ گهٽ 7 ڪڪرن وارا ڊگها هجڻ گهرجن.	මුරපදය අවම වශයෙන් අක්ෂර 7 ක් දිග විය යුතුය.	Heslo musí byť najmenej 7 charraktorov dlhé.	Geslo mora biti dolga vsaj 7 znakov.	Lambarka sirta ah waa inuu ahaadaa ugu yaraan 7 Charaht dheer.	La contraseña debe tener al menos 7 charactores de largo.	Kecap konci kedah sahenteuna 7 conentor panjang.	Nenosiri lazima liwe angalau charactors 7 kwa muda mrefu.	Lösenordet måste vara minst 7 karaktorer långt.	Ang password ay dapat na hindi bababa sa 7 charactors ang haba.	Рамз бояд ҳадди аққал 7 контактор бошад.	கடவுச்சொல் குறைந்தது 7 எழுத்தர்கள் நீளமாக இருக்க வேண்டும்.	Серсүз ким дигәндә 7 харатор булырга тиеш.	పాస్వర్డ్ కనీసం 7 క్యారెక్టర్ల పొడవు ఉండాలి.	รหัสผ่านต้องมีความยาวอย่างน้อย 7 ตัวอักษร	Parola en az 7 karakter uzunluğunda olmalıdır.	Parol uzynlygy azyndan 7 sany keşe bolmaly.	Пароль повинен бути не менше 7 шаракторів.	پاس ورڈ کم از کم 7 چیریکٹر لمبا ہونا چاہئے۔	پارول كەم دېگەندە 7 خىل خاراكتېر بولۇشى كېرەك.	Parol kamida 7 ta nobud bo'lishi kerak.	Mật khẩu phải có ít nhất 7 từ charactor dài.	Rhaid i'r cyfrinair fod o leiaf 7 Charactors o hyd.	Iphasiwedi kufuneka okungenani ibe ne-7 i-chartors ixesha elide.	שפּריכוואָרט מוזן זיין אין מינדסטער 7 טשאַלאַקטטערז.	Ọrọ aṣina gbọdọ wa ni o kere ju 7 awọn olugba.	Iphasiwedi kumele okungenani ibe ngama-Cractors ayi-7 ubude.
	メールアドレス	email_address	email address	e-pos adres	adresa e postës elektronike	የ ኢሜል አድራሻ	عنوان البريد الالكترونى	էլեկտրոնային հասցե	e-poçt ünvanı	posta elektroniko helbidea	адрас электроннай пошты	ইমেল ঠিকানা	e-mail adresa	имейл адрес	correu electrònic	Email Address	电子邮件地址	电子邮件地址	電子郵件地址	indirizzu mail	email adresa	emailová adresa	email adresse	e-mailadres	email address	retpoŝta adreso	e-posti aadress	sähköpostiosoite	adresse e-mail	e-postadres	Enderezo electrónico	ელექტრონული მისამართი	E-Mail-Addresse	διεύθυνση ηλεκτρονικού ταχυδρομείου	ઈ - મેઈલ સરનામું	Adrès Imèl	adireshin i-mel	helu leka uila	כתובת דוא"ל	ईमेल पता	chaw nyob email	email cím	Netfang	adreesị ozi ịntanetị	alamat email	seoladh ríomhphoist	indirizzo e-mail	電子メールアドレス	alamat email	ಇಮೇಲ್ ವಿಳಾಸ	электрондық пошта	អាស័យ​ដ្ឋាន​អ៊ី​ម៉េ​ល	aderesi imeri	이메일 주소	navnîşana emailê	электрондук почта дареги	ທີ່​ຢູ່​ອີ​ເມວ	epasta adrese	elektroninio pašto adresas	E-Mailadress	и-мејл адреса	adiresy mailaka	alamat emel	ഈ - മെയില് വിലാസം	Indirizz tal-Email	Wāhitau Emailmera	ईमेल पत्ता	имэйл хаяг	အီးမေးလ်လိပ်စာ	इ - मेल ठेगाना	epostadresse	imelo adilesi	ଈମୈଲ ଠିକଣା	بریښنا‌لیک	آدرس ایمیل	adres e -mail	endereço de email	ਈਮੇਲ ਖਾਤਾ	Adresa de e-mail	Адрес электронной почты	imeli tuatusi	Seòladh puist-d	адреса Е-поште	aterese ea imeile	chikero chetsamba yemumhepo	اي ميل پتو	විද්යුත් තැපැල් ලිපිනය	emailová adresa	email naslov	cinwaanka emailka	dirección de correo electrónico	Alamat email	barua pepe	e-postadress	email address	суроғаи имэйл	மின்னஞ்சல் முகவரி	мэйл адресы	ఇమెయిల్ చిరునామా	ที่อยู่อีเมล	E -posta adresi	email adres	адреса електронної пошти	ای میل اڈریس	ئېلخەت ئادرېسى	E-pochta manzili	địa chỉ email	cyfeiriad ebost	idilesi yemeyile	אימעיל אדרעס	adirẹsi imeeli	ikheli le-imeyili
	ユーザー名	user_name	User name	Gebruikersnaam	Emrin e përdoruesit	የተጠቃሚ ስም	اسم المستخدم	Օգտագործողի անունը	İstifadəçi adı	Erabiltzaile izena	Імя карыстальніка	ব্যবহারকারীর নাম	Korisničko ime	Потребителско име	Nom d'usuari	Ngalan sa Gumagamit	用户名	用户名	用戶名	Nome d'utilizatore	Korisničko ime	Uživatelské jméno	Brugernavn	Gebruikersnaam	User name	Uzantnomo	Kasutajanimi	Käyttäjänimi	Nom d'utilisateur	Brûkersnamme	Nome de usuario	მომხმარებლის სახელი	Nutzername	Ονομα χρήστη	વપરાશકર્તા નામ	Non itilizatè	Sunan mai amfani	Palapala inoa	שם משתמש	उपयोगकर्ता नाम	Neeg siv npe	Felhasználónév	Notandanafn	Aha njirimara	Nama belakang	Ainm an úsáideora	Nome utente	ユーザー名	Jeneng pangguna	ಬಳಕೆದಾರ ಹೆಸರು	Пайдаланушының аты	ឈ្មោះ​អ្នកប្រើប្រាស់	Izina ryumukoresha	사용자 이름	Navê bikarhêner	Колдонуучунун аты	ຊື່ຜູ້ໃຊ້	Lietotāja vārds	Vartotojo vardas	Benotzernumm	Корисничко име	Anaran'ny mpampiasa	Nama pengguna	ഉപയോക്തൃനാമം	Isem tal-Utent	Ingoa Kaiwhakamahi	वापरकर्त्याचे नाव	Скэдхэн нэр	အသုံးပြုသူအမည်	प्रयोगकर्ता नाम	Brukernavn	Dzina la Ogwiritsa	ବ୍ୟବହାରକାରୀ ନାମ	د کارونکي نوم	نام کاربری	Nazwa użytkownika	Nome de usuário	ਉਪਭੋਗਤਾ ਨਾਮ	Nume de utilizator	Имя пользователя	Igoa igoa	Ainm neach-cleachdaidh	Корисничко име	Lebitso la mosebelisi	Zita remushandisi	استعمال ڪندڙ نالو	පරිශීලක නාමය	Meno používateľa	Uporabniško ime	Magaca Isticmaalaha	Nombre de usuario	Ngaran pangguna	Jina la mtumiaji	Användarnamn	Pangalan ng gumagamit	Номи корбар	பயனர் பெயர்	Кулланучы исеме	వినియోగదారు పేరు	ชื่อผู้ใช้	Kullanıcı adı	Ulanyjy ady	Ім'я користувача	صارف کا نام	ئىشلەتكۈچى ئىسمى	Foydalanuvchi nomi	Tên tài khoản	Enw Defnyddiwr	Igama lomsebenzisi	באַניצער נאמען	Orukọ olumulo	Igama lomsebenzisi
	パスワード	password	Password	Wagwoord	Fjalëkalim	ፕስወርድ	كلمة المرور	Գաղտնաբառ	Parol	Kontrazeinu	Пароль	পাসওয়ার্ড	Lozinka	Парола	Contrasenya	Pasword	密码	密码	密碼	Codice	Zaporka	Heslo	Adgangskode	Wachtwoord	Password	Pasvorto	Parool	Salasana	Mot de passe	Wachtwurd	Contrasinal	პაროლი	Passwort	Κωδικός πρόσβασης	પાસશ	Paròl	Kalmar bada iznin wucewa	Hua huna	סיסמה	पासवर्ड	Lo lus zais	Jelszó	Lykilorð	Okwungafe	Kata sandi	Pasfhocal	Parola d'ordine	パスワード	Sandhi	ಗುಪ್ತಪದ	Пароль	ហក្យសមងាត់	Ijambo ryibanga	비밀번호	Şîfre	Купуя сөз	ລະຫັດຜ່ານ	Parole	Slaptažodis	Passwuert	Лозинка	Password	Kata laluan	Password	Password	Kupu whakataha	संकेतशब्द	Нууц үг	လှျို့ဝှက်စကား	संकेत शब्द	Passord	Chawekha	ପାସୱାର୍ଡ	رمز	کلمه عبور	Hasło	Senha	ਪਾਸਵਰਡ	Parola	Пароль	Numera e le iloa e sesi	Facal-faire	Лозинка	Password	Pasiwedhi	پاسورڊ	මුරපදය	Heslo	Geslo	Eray sir	Clave	Sandi	Nywila	Lösenord	Password	Номи махфӣ	கடவுச்சொல்	Серсүз	పాస్వర్డ్	รหัสผ่าน	Şifre	Parol	Пароль	پاس ورڈ	پارول	Parol	Mật khẩu	Gyfrinair	Inombolo yokuvula	פּאַראָל	Ọrọ igbaniwọle	Igama lokuvunyelwa ukungena endaweni ethile
	新規登録	create_new_account	Create new account	Skep nuwe rekening	Hapni një llogari të re	አዲስ መለያ ይፍጠሩ	انشاء حساب جديد	Ստեղծեք նոր հաշիվ	Yeni hesab yaratmaq	Kontu berria sortu	Стварыце новы ўліковы запіс	নতুন অ্যাকাউন্ট তৈরি	Kreirajte novi račun	Създаване на нов акаунт	Crear un nou compte	Paghimo bag-ong account	建立新帐户	建立新帐户	建立新帳戶	Crea un cuntu novu	Stvorite novi račun	Vytvořit nový účet	Opret ny konto	Creëer een nieuw account	Create new account	Krei novan konton	Loo uus konto	Luo uusi tili	Créer un nouveau compte	Nij akkount oanmeitsje	Crear unha nova conta	შექმენით ახალი ანგარიში	Neuen Account erstellen	Δημιουργία νέου λογαριασμού	નવું એકાઉન્ટ બનાવો	Kreye nouvo kont	Ƙirƙiri sabon lissafi	E hana i ka waihona hou	ליצור חשבון חדש	नया खाता बनाएँ	Tsim tus account tshiab	Új fiók létrehozása	Búðu til nýjan reikning	Mepụta akaụntụ ọhụrụ	Buat akun baru	Cuntas nua a chruthú	Crea un nuovo account	新しいアカウントを作成する	Gawe akun anyar	ಹೊಸ ಖಾತೆಯನ್ನು ರಚಿಸಿ	Жаңа есептік жазба жасаңыз	បង្កើត​គណនី​ថ្មី	Kora konti nshya	새 계정을 만들	Hesabek nû biafirînin	Жаңы каттоо эсебин түзүү	ສ້າງບັນຊີໃຫມ່	Izveidot jaunu kontu	Sukurti naują paskyrą	Neie Kont erstellen	Создадете нова сметка	Mamorona kaonty vaovao	Buat akaun baru	പുതിയ അക്കൗണ്ട് സൃഷ്ടിക്കുക	Oħloq kont ġdid	Waihangahia he Pūkete Hou	नवीन खाते तयार करा	Шинэ данс үүсгэх	အကောင့်အသစ်ဖန်တီးပါ	नयाँ खाता सिर्जना गर्नुहोस्	Opprette ny konto	Pangani Akaunti Yatsopano	ନୂତନ ଖାତା ସୃଷ୍ଟି କରନ୍ତୁ |	نوی حساب جوړ کړه	حساب جدید ایجاد کنید	Stwórz nowe konto	Criar nova conta	ਨਵਾਂ ਖਾਤਾ ਬਣਾਓ	Creează un cont nou	Создать новый аккаунт	Fausia le tala fou	Cruthaich cunntas ùr	Направите нови налог	Theha Ak'haonte e Ncha	Gadzira account nyowani	نئون کاتو ٺاهيو	නව ගිණුමක් සාදන්න	Vytvoriť nový účet	Ustvariti nov račun	Abuur koonto cusub	Crear una nueva cuenta	Jieun Akun Anyar	Unda akaunti mpya	Skapa nytt konto	Lumikha ng Bagong Account	Эҷоди ҳисоби нав	புதிய கணக்கை உருவாக்க	Яңа хисап язмасы төзегез	క్రొత్త ఖాతా తెరువుము	สร้างบัญชีใหม่	Yeni hesap oluştur	Täze hasap dörediň	Створити новий обліковий запис	نیا اکاؤنٹ بنانے	يېڭى ھېسابات قۇر	Yangi qayd yozuvini yarating	Tạo tài khoản mới	Creu Cyfrif Newydd	Yenza iakhawunti entsha	שאַפֿן נייַע אַקאַונט	Ṣẹda akọọlẹ tuntun	Dala i-akhawunti entsha
	ログイン	login	Login	Teken aan	Hyrje	ግባ	تسجيل الدخول	Մուտք	Daxil ol	Saioa hasi	Увайсці	প্রবেশ করুন	Ulogovati se	Влизам	iniciar Sessió	Sulod	登录	登录	登錄	Login	Prijaviti se	Přihlásit se	Log på	Log in	Login	Ensaluti	Logi sisse	Kirjaudu sisään	Connexion	Oanmelde	Iniciar sesión	Შესვლა	Anmeldung	Σύνδεση	પ્રવેશ કરો	Ouvri sesyon an	Shiga	Loulou	התחברות	लॉग इन करें	Tus ID nkag mus	Belépés	Skrá inn	Banye	Gabung	Logáil isteach	Login	ログイン	Login	ಲಗಾಟಿಸು	Кіру	ចូល	Injira	로그인	Têketin	Кирүү	ເຂົ້າ​ສູ່​ລະ​ບົບ	Pieslēgties	Prisijungti	Logbroon	Логирај Се	Hiditra	Log masuk	ലോഗിൻ	Idħol	Takiuru	लॉगिन	Нэвтрэх	လော့ဂ်အင်	लग - इन	Logg Inn	Lowani muakaunti	ଭିତରକୁ ଯାଉ	د ننه کیدل	وارد شدن	Zaloguj sie	Conecte-se	ਲਾਗਿਨ	Autentificare	Авторизоваться	Login	Log a-steach	Пријавите се	Kena	Login	لاگ ان ٿيو	ඇතුල් වන්න	Prihlásiť sa	Vpiši se	Soo iibsasho	Acceso	Lebet	Ingia	Logga in	Mag log in	Даромадан	உள்நுழைய	Керергә	ప్రవేశించండి	เข้าสู่ระบบ	Giriş yapmak	Giriş	Вхід	لاگ ان کریں	كىرىش	Kirish	Đăng nhập	Mewngofnodi	Ngema	צייכן אריין	Wo ile	Ngena ngemvume
	ログアウト	logout	Logout	Teken uit	Shkyç	ውጣ	تسجيل خروج	Տնկիլ	Çıxış	Saioa amaitu	У сістэму	প্রস্থান	Odjaviti se	Излез от профила си	Tancar sessió	Pag-logout	登出	登出	登出	Scunnettà si	Odjavite se	Odhlásit se	Log ud	Uitloggen	Logout	Elsaluti	Logi välja	Kirjautua ulos	Se déconnecter	Útlogge	Sesión de sesión	შესვლა	Ausloggen	Αποσύνδεση	લૉગ આઉટ	Dekonekte	Logout	Lele	להתנתק	लॉग आउट	Thwj tas	Kijelentkezés	Að skrá þig út	Logout	Keluar	Logáil Amach	Disconnettersi	ログアウト	Metu	ಲಾಗ್ ಔಟ್	Шығу	ចាកចេញ	Gusohoka	로그 아웃	Derkeve	Чыгуу	ອອກ​ຈາກ​ລະ​ບົບ	Izlogoties	Atsijungti	Ausloggen	Логаж	Miala	Log keluar	ലോഗൗട്ട്	Oħroġ	Manga	बाहेर पडणे	Гарах	ဝင်	बाहिर निस्कनु	Logg ut	Logo lotuluka	ପ୍ରସ୍ଥାନ କର	وتل	خروج	Wyloguj	Sair	ਲਾੱਗ ਆਊਟ, ਬਾਹਰ ਆਉਣਾ	Deconectare	Выйти	Saini ese j	Log a-mach	Одјавити се	Logout	Kubuda	ڪم ڇڏڻ	පිටවීම	Odhlásiť sa	Odjava	Ka bax	Cerrar sesión	Kaluar	Kuingia	Logga ut	Mag -logout	Баромадан	வெளியேறு	Чыгарга	లాగ్అవుట్	ออกจากระบบ	Çıkış Yap	Hasapdan çykmak	Вийти	لاگ آوٹ	چېكىنىش	Chiqish	Đăng xuất	Allgofnodi	Phuma	לאָגאָ	Aami ojo	Phuma
	サインイン	sign_up	Sign up	Teken aan	Regjistrohem	ክፈት	اشتراك	Գրանցվել	Qeydiyyatdan keçmək	Izena eman	Зарэгістравацца	নিবন্ধন করুন	Prijaviti se	Регистрирай се	Registra't	Pag-sign up	注册	注册	註冊	Firma	Prijaviti se	Přihlásit se	Tilmelde	Aanmelden	Sign up	Registriĝu	Registreeri	Kirjaudu	S'inscrire	Ynskriuwe	Rexistrarse	დარეგისტრირება	Anmelden	Εγγραφείτε	સાઇન અપ કરવું	Enskri	Yi rajista	Kau inoa	הירשם	साइन अप करें	Sau Npe	Regisztrálj	Skráðu þig	debanye aha	Daftar	Clarú	Iscrizione	サインアップ	Mlebu	ಸೈನ್ ಅಪ್	Тіркелу	ចុះ​ឈ្មោះ	Iyandikishe	가입하기	Tomar kirin	Кирүү	ລົງ​ທະ​ບຽນ	Pierakstīties	Registruotis	Umellen	Пријавете се	Hiditra Mpikambana	Daftar	സൈൻ അപ്പ് ചെയ്യുക	Irregistra	Takiuru	साइन अप करा	Бүртгүүлэх	ဆိုင်းအပ်	साइन अप	Melde deg på	Lowani	ସାଇନ୍ ଅପ୍ କରନ୍ତୁ	ګډون کول	ثبت نام	Zapisz się	Inscrever-se	ਸਾਇਨ ਅਪ	Inscrie-te	Подписаться	Saini loa	Cuir d’ainm ris	Пријави се	ngolisa	Nyorera	سائن اپ ڪريو	ලියාපදිංචි වන්න	Prihlásiť Se	Prijavite se	Is-qor	Inscribirse	daptar	Jisajili	Bli Medlem	Mag -sign up	қайд кардан	பதிவு செய்க	Теркәлергә	చేరడం	ลงชื่อ	Üye olmak	Hasaba giriň	Зареєструватися	سائن اپ	تىزىملىتىڭ	Ro'yxatdan o'tish	Đăng ký	Cofrestru	Bhalisa	פאַרשרייַבן	forukọsilẹ	bhalisela
	登録済み	have_accouont	I already have a account	Ek het reeds 'n rekening	Unë tashmë kam një llogari	እኔ ቀድሞውኑ መለያ አለኝ	لدي بالفعل حساب	Ես արդեն հաշիվ ունեմ	Artıq hesabım var	Dagoeneko kontua daukat	У мяне ўжо ёсць уліковы запіс	আমি ইতিমধ্যে একটি অ্যাকাউন্ট আছে	Već imam račun	Вече имам акаунт	Ja tinc un compte	Naa na koy account	我已经有一个帐户	我已经有一个帐户	我已經有一個帳戶	Aghju digià un contu	Već imam račun	Už mám účet	Jeg har allerede en konto	Ik heb al een account	I already have a account	Mi jam havas konton	Mul on juba konto	Minulla on jo tili	J'ai déjà un compte	Ik haw al in akkount	Xa teño unha conta	მე უკვე მაქვს ანგარიში	Ich habe bereits ein Konto	Έχω ήδη λογαριασμό	મારી પાસે પહેલેથી જ એક એકાઉન્ટ છે	Mwen deja gen yon kont	Na riga na sami lissafi	Loaʻa iaʻu kahi moʻokāki	יש לי כבר חשבון	मेरे पास पहले से ही एक खाता है	Kuv twb muaj ib tug account	Már van számlám	Ég er nú þegar með reikning	Enwere m akaụntụ	Saya sudah memiliki akun	Tá cuntas agam cheana féin	Ho già un account	私はすでにアカウントを持っています	Aku wis duwe akun	ನಾನು ಈಗಾಗಲೇ ಖಾತೆಯನ್ನು ಹೊಂದಿದ್ದೇನೆ	Менде тіркелгі бар	ខ្ញុំមានគណនីរួចហើយ	Mfite konti	이미 계정이 있습니다	Min berê hesabek heye	Менде буга чейин эсеп бар	ຂ້ອຍມີບັນຊີແລ້ວ	Man jau ir konts	Aš jau turiu sąskaitą	Ech hu schonn e Konto	Јас веќе имам сметка	Efa manana kaonty aho	Saya sudah mempunyai akaun	എനിക്ക് ഇതിനകം ഒരു അക്കൗണ്ട് ഉണ്ട്	Diġà għandi kont	Kei a au he putea	माझ्याकडे आधीपासूनच एक खाते आहे	Надад аль хэдийн данс байна	ငါရှိပြီးသားအကောင့်ရှိသည်	मसँग पहिले नै खाता छ	Jeg har allerede en konto	Ndili kale ndi akaunti	ମୋର ପୂର୍ବରୁ ଏକ ଆକାଉଣ୍ଟ୍ ଅଛି |	زه دمخه حساب لرم	من قبلاً یک حساب دارم	Mam już konto	Eu já tenho uma conta	ਮੇਰੇ ਕੋਲ ਪਹਿਲਾਂ ਹੀ ਖਾਤਾ ਹੈ	Am deja un cont	У меня уже есть аккаунт	Ua uma ona ou maua se tala	Tha cunntas agam mu thràth	Већ имам рачун	Ke se ke na le ak'haonte	Ini ndatova neaccount	مون وٽ اڳ ۾ ئي هڪ اڪائونٽ آهي	මට දැනටමත් ගිණුමක් තිබේ	Už mám účet	Že imam račun	Waxaan horey u haystay koonto	Ya tengo una cuenta	Abdi parantos ngagaduhan akun	Tayari nina akaunti	Jag har redan ett konto	Mayroon na akong account	Ман аллакай ҳисоб дорам	என்னிடம் ஏற்கனவே ஒரு கணக்கு உள்ளது	Минем хисап язмасы бар	నాకు ఇప్పటికే ఖాతా ఉంది	ฉันมีบัญชีอยู่แล้ว	Zaten bir hesabım var	Mende eýýäm hasap bar	У мене вже є рахунок	میرے پاس پہلے سے ہی ایک اکاؤنٹ ہے	مېنىڭ ئاللىبۇرۇن ھېساباتىم بار	Menda allaqachon hisob bor	Tôi đã có một tài khoản	Mae gen i gyfrif eisoes	Sele ndine-akhawunti	איך שוין האָבן אַ חשבון	Mo ti ni akọọlẹ kan tẹlẹ	Sengivele ngine-akhawunti
				#VALUE!	#VALUE!	#VALUE!	#VALUE!	#VALUE!	#VALUE!	#VALUE!	#VALUE!	#VALUE!	#VALUE!	#VALUE!	#VALUE!	#VALUE!	#VALUE!	#VALUE!	#VALUE!	#VALUE!	#VALUE!	#VALUE!	#VALUE!	#VALUE!	#VALUE!	#VALUE!	#VALUE!	#VALUE!	#VALUE!	#VALUE!	#VALUE!	#VALUE!	#VALUE!	#VALUE!	#VALUE!	#VALUE!	#VALUE!	#VALUE!	#VALUE!	#VALUE!	#VALUE!	#VALUE!	#VALUE!	#VALUE!	#VALUE!	#VALUE!	#VALUE!	#VALUE!	#VALUE!	#VALUE!	#VALUE!	#VALUE!	#VALUE!	#VALUE!	#VALUE!	#VALUE!	#VALUE!	#VALUE!	#VALUE!	#VALUE!	#VALUE!	#VALUE!	#VALUE!	#VALUE!	#VALUE!	#VALUE!	#VALUE!	#VALUE!	#VALUE!	#VALUE!	#VALUE!	#VALUE!	#VALUE!	#VALUE!	#VALUE!	#VALUE!	#VALUE!	#VALUE!	#VALUE!	#VALUE!	#VALUE!	#VALUE!	#VALUE!	#VALUE!	#VALUE!	#VALUE!	#VALUE!	#VALUE!	#VALUE!	#VALUE!	#VALUE!	#VALUE!	#VALUE!	#VALUE!	#VALUE!	#VALUE!	#VALUE!	#VALUE!	#VALUE!	#VALUE!	#VALUE!	#VALUE!	#VALUE!	#VALUE!	#VALUE!	#VALUE!	#VALUE!	#VALUE!	#VALUE!	#VALUE!	#VALUE!	#VALUE!
				#VALUE!	#VALUE!	#VALUE!	#VALUE!	#VALUE!	#VALUE!	#VALUE!	#VALUE!	#VALUE!	#VALUE!	#VALUE!	#VALUE!	#VALUE!	#VALUE!	#VALUE!	#VALUE!	#VALUE!	#VALUE!	#VALUE!	#VALUE!	#VALUE!	#VALUE!	#VALUE!	#VALUE!	#VALUE!	#VALUE!	#VALUE!	#VALUE!	#VALUE!	#VALUE!	#VALUE!	#VALUE!	#VALUE!	#VALUE!	#VALUE!	#VALUE!	#VALUE!	#VALUE!	#VALUE!	#VALUE!	#VALUE!	#VALUE!	#VALUE!	#VALUE!	#VALUE!	#VALUE!	#VALUE!	#VALUE!	#VALUE!	#VALUE!	#VALUE!	#VALUE!	#VALUE!	#VALUE!	#VALUE!	#VALUE!	#VALUE!	#VALUE!	#VALUE!	#VALUE!	#VALUE!	#VALUE!	#VALUE!	#VALUE!	#VALUE!	#VALUE!	#VALUE!	#VALUE!	#VALUE!	#VALUE!	#VALUE!	#VALUE!	#VALUE!	#VALUE!	#VALUE!	#VALUE!	#VALUE!	#VALUE!	#VALUE!	#VALUE!	#VALUE!	#VALUE!	#VALUE!	#VALUE!	#VALUE!	#VALUE!	#VALUE!	#VALUE!	#VALUE!	#VALUE!	#VALUE!	#VALUE!	#VALUE!	#VALUE!	#VALUE!	#VALUE!	#VALUE!	#VALUE!	#VALUE!	#VALUE!	#VALUE!	#VALUE!	#VALUE!	#VALUE!	#VALUE!	#VALUE!	#VALUE!	#VALUE!	#VALUE!
				#VALUE!	#VALUE!	#VALUE!	#VALUE!	#VALUE!	#VALUE!	#VALUE!	#VALUE!	#VALUE!	#VALUE!	#VALUE!	#VALUE!	#VALUE!	#VALUE!	#VALUE!	#VALUE!	#VALUE!	#VALUE!	#VALUE!	#VALUE!	#VALUE!	#VALUE!	#VALUE!	#VALUE!	#VALUE!	#VALUE!	#VALUE!	#VALUE!	#VALUE!	#VALUE!	#VALUE!	#VALUE!	#VALUE!	#VALUE!	#VALUE!	#VALUE!	#VALUE!	#VALUE!	#VALUE!	#VALUE!	#VALUE!	#VALUE!	#VALUE!	#VALUE!	#VALUE!	#VALUE!	#VALUE!	#VALUE!	#VALUE!	#VALUE!	#VALUE!	#VALUE!	#VALUE!	#VALUE!	#VALUE!	#VALUE!	#VALUE!	#VALUE!	#VALUE!	#VALUE!	#VALUE!	#VALUE!	#VALUE!	#VALUE!	#VALUE!	#VALUE!	#VALUE!	#VALUE!	#VALUE!	#VALUE!	#VALUE!	#VALUE!	#VALUE!	#VALUE!	#VALUE!	#VALUE!	#VALUE!	#VALUE!	#VALUE!	#VALUE!	#VALUE!	#VALUE!	#VALUE!	#VALUE!	#VALUE!	#VALUE!	#VALUE!	#VALUE!	#VALUE!	#VALUE!	#VALUE!	#VALUE!	#VALUE!	#VALUE!	#VALUE!	#VALUE!	#VALUE!	#VALUE!	#VALUE!	#VALUE!	#VALUE!	#VALUE!	#VALUE!	#VALUE!	#VALUE!	#VALUE!	#VALUE!	#VALUE!	#VALUE!
				#VALUE!	#VALUE!	#VALUE!	#VALUE!	#VALUE!	#VALUE!	#VALUE!	#VALUE!	#VALUE!	#VALUE!	#VALUE!	#VALUE!	#VALUE!	#VALUE!	#VALUE!	#VALUE!	#VALUE!	#VALUE!	#VALUE!	#VALUE!	#VALUE!	#VALUE!	#VALUE!	#VALUE!	#VALUE!	#VALUE!	#VALUE!	#VALUE!	#VALUE!	#VALUE!	#VALUE!	#VALUE!	#VALUE!	#VALUE!	#VALUE!	#VALUE!	#VALUE!	#VALUE!	#VALUE!	#VALUE!	#VALUE!	#VALUE!	#VALUE!	#VALUE!	#VALUE!	#VALUE!	#VALUE!	#VALUE!	#VALUE!	#VALUE!	#VALUE!	#VALUE!	#VALUE!	#VALUE!	#VALUE!	#VALUE!	#VALUE!	#VALUE!	#VALUE!	#VALUE!	#VALUE!	#VALUE!	#VALUE!	#VALUE!	#VALUE!	#VALUE!	#VALUE!	#VALUE!	#VALUE!	#VALUE!	#VALUE!	#VALUE!	#VALUE!	#VALUE!	#VALUE!	#VALUE!	#VALUE!	#VALUE!	#VALUE!	#VALUE!	#VALUE!	#VALUE!	#VALUE!	#VALUE!	#VALUE!	#VALUE!	#VALUE!	#VALUE!	#VALUE!	#VALUE!	#VALUE!	#VALUE!	#VALUE!	#VALUE!	#VALUE!	#VALUE!	#VALUE!	#VALUE!	#VALUE!	#VALUE!	#VALUE!	#VALUE!	#VALUE!	#VALUE!	#VALUE!	#VALUE!	#VALUE!	#VALUE!	#VALUE!
				#VALUE!	#VALUE!	#VALUE!	#VALUE!	#VALUE!	#VALUE!	#VALUE!	#VALUE!	#VALUE!	#VALUE!	#VALUE!	#VALUE!	#VALUE!	#VALUE!	#VALUE!	#VALUE!	#VALUE!	#VALUE!	#VALUE!	#VALUE!	#VALUE!	#VALUE!	#VALUE!	#VALUE!	#VALUE!	#VALUE!	#VALUE!	#VALUE!	#VALUE!	#VALUE!	#VALUE!	#VALUE!	#VALUE!	#VALUE!	#VALUE!	#VALUE!	#VALUE!	#VALUE!	#VALUE!	#VALUE!	#VALUE!	#VALUE!	#VALUE!	#VALUE!	#VALUE!	#VALUE!	#VALUE!	#VALUE!	#VALUE!	#VALUE!	#VALUE!	#VALUE!	#VALUE!	#VALUE!	#VALUE!	#VALUE!	#VALUE!	#VALUE!	#VALUE!	#VALUE!	#VALUE!	#VALUE!	#VALUE!	#VALUE!	#VALUE!	#VALUE!	#VALUE!	#VALUE!	#VALUE!	#VALUE!	#VALUE!	#VALUE!	#VALUE!	#VALUE!	#VALUE!	#VALUE!	#VALUE!	#VALUE!	#VALUE!	#VALUE!	#VALUE!	#VALUE!	#VALUE!	#VALUE!	#VALUE!	#VALUE!	#VALUE!	#VALUE!	#VALUE!	#VALUE!	#VALUE!	#VALUE!	#VALUE!	#VALUE!	#VALUE!	#VALUE!	#VALUE!	#VALUE!	#VALUE!	#VALUE!	#VALUE!	#VALUE!	#VALUE!	#VALUE!	#VALUE!	#VALUE!	#VALUE!	#VALUE!	#VALUE!
				#VALUE!	#VALUE!	#VALUE!	#VALUE!	#VALUE!	#VALUE!	#VALUE!	#VALUE!	#VALUE!	#VALUE!	#VALUE!	#VALUE!	#VALUE!	#VALUE!	#VALUE!	#VALUE!	#VALUE!	#VALUE!	#VALUE!	#VALUE!	#VALUE!	#VALUE!	#VALUE!	#VALUE!	#VALUE!	#VALUE!	#VALUE!	#VALUE!	#VALUE!	#VALUE!	#VALUE!	#VALUE!	#VALUE!	#VALUE!	#VALUE!	#VALUE!	#VALUE!	#VALUE!	#VALUE!	#VALUE!	#VALUE!	#VALUE!	#VALUE!	#VALUE!	#VALUE!	#VALUE!	#VALUE!	#VALUE!	#VALUE!	#VALUE!	#VALUE!	#VALUE!	#VALUE!	#VALUE!	#VALUE!	#VALUE!	#VALUE!	#VALUE!	#VALUE!	#VALUE!	#VALUE!	#VALUE!	#VALUE!	#VALUE!	#VALUE!	#VALUE!	#VALUE!	#VALUE!	#VALUE!	#VALUE!	#VALUE!	#VALUE!	#VALUE!	#VALUE!	#VALUE!	#VALUE!	#VALUE!	#VALUE!	#VALUE!	#VALUE!	#VALUE!	#VALUE!	#VALUE!	#VALUE!	#VALUE!	#VALUE!	#VALUE!	#VALUE!	#VALUE!	#VALUE!	#VALUE!	#VALUE!	#VALUE!	#VALUE!	#VALUE!	#VALUE!	#VALUE!	#VALUE!	#VALUE!	#VALUE!	#VALUE!	#VALUE!	#VALUE!	#VALUE!	#VALUE!	#VALUE!	#VALUE!	#VALUE!	#VALUE!
				#VALUE!	#VALUE!	#VALUE!	#VALUE!	#VALUE!	#VALUE!	#VALUE!	#VALUE!	#VALUE!	#VALUE!	#VALUE!	#VALUE!	#VALUE!	#VALUE!	#VALUE!	#VALUE!	#VALUE!	#VALUE!	#VALUE!	#VALUE!	#VALUE!	#VALUE!	#VALUE!	#VALUE!	#VALUE!	#VALUE!	#VALUE!	#VALUE!	#VALUE!	#VALUE!	#VALUE!	#VALUE!	#VALUE!	#VALUE!	#VALUE!	#VALUE!	#VALUE!	#VALUE!	#VALUE!	#VALUE!	#VALUE!	#VALUE!	#VALUE!	#VALUE!	#VALUE!	#VALUE!	#VALUE!	#VALUE!	#VALUE!	#VALUE!	#VALUE!	#VALUE!	#VALUE!	#VALUE!	#VALUE!	#VALUE!	#VALUE!	#VALUE!	#VALUE!	#VALUE!	#VALUE!	#VALUE!	#VALUE!	#VALUE!	#VALUE!	#VALUE!	#VALUE!	#VALUE!	#VALUE!	#VALUE!	#VALUE!	#VALUE!	#VALUE!	#VALUE!	#VALUE!	#VALUE!	#VALUE!	#VALUE!	#VALUE!	#VALUE!	#VALUE!	#VALUE!	#VALUE!	#VALUE!	#VALUE!	#VALUE!	#VALUE!	#VALUE!	#VALUE!	#VALUE!	#VALUE!	#VALUE!	#VALUE!	#VALUE!	#VALUE!	#VALUE!	#VALUE!	#VALUE!	#VALUE!	#VALUE!	#VALUE!	#VALUE!	#VALUE!	#VALUE!	#VALUE!	#VALUE!	#VALUE!	#VALUE!	#VALUE!
				#VALUE!	#VALUE!	#VALUE!	#VALUE!	#VALUE!	#VALUE!	#VALUE!	#VALUE!	#VALUE!	#VALUE!	#VALUE!	#VALUE!	#VALUE!	#VALUE!	#VALUE!	#VALUE!	#VALUE!	#VALUE!	#VALUE!	#VALUE!	#VALUE!	#VALUE!	#VALUE!	#VALUE!	#VALUE!	#VALUE!	#VALUE!	#VALUE!	#VALUE!	#VALUE!	#VALUE!	#VALUE!	#VALUE!	#VALUE!	#VALUE!	#VALUE!	#VALUE!	#VALUE!	#VALUE!	#VALUE!	#VALUE!	#VALUE!	#VALUE!	#VALUE!	#VALUE!	#VALUE!	#VALUE!	#VALUE!	#VALUE!	#VALUE!	#VALUE!	#VALUE!	#VALUE!	#VALUE!	#VALUE!	#VALUE!	#VALUE!	#VALUE!	#VALUE!	#VALUE!	#VALUE!	#VALUE!	#VALUE!	#VALUE!	#VALUE!	#VALUE!	#VALUE!	#VALUE!	#VALUE!	#VALUE!	#VALUE!	#VALUE!	#VALUE!	#VALUE!	#VALUE!	#VALUE!	#VALUE!	#VALUE!	#VALUE!	#VALUE!	#VALUE!	#VALUE!	#VALUE!	#VALUE!	#VALUE!	#VALUE!	#VALUE!	#VALUE!	#VALUE!	#VALUE!	#VALUE!	#VALUE!	#VALUE!	#VALUE!	#VALUE!	#VALUE!	#VALUE!	#VALUE!	#VALUE!	#VALUE!	#VALUE!	#VALUE!	#VALUE!	#VALUE!	#VALUE!	#VALUE!	#VALUE!	#VALUE!	#VALUE!
				#VALUE!	#VALUE!	#VALUE!	#VALUE!	#VALUE!	#VALUE!	#VALUE!	#VALUE!	#VALUE!	#VALUE!	#VALUE!	#VALUE!	#VALUE!	#VALUE!	#VALUE!	#VALUE!	#VALUE!	#VALUE!	#VALUE!	#VALUE!	#VALUE!	#VALUE!	#VALUE!	#VALUE!	#VALUE!	#VALUE!	#VALUE!	#VALUE!	#VALUE!	#VALUE!	#VALUE!	#VALUE!	#VALUE!	#VALUE!	#VALUE!	#VALUE!	#VALUE!	#VALUE!	#VALUE!	#VALUE!	#VALUE!	#VALUE!	#VALUE!	#VALUE!	#VALUE!	#VALUE!	#VALUE!	#VALUE!	#VALUE!	#VALUE!	#VALUE!	#VALUE!	#VALUE!	#VALUE!	#VALUE!	#VALUE!	#VALUE!	#VALUE!	#VALUE!	#VALUE!	#VALUE!	#VALUE!	#VALUE!	#VALUE!	#VALUE!	#VALUE!	#VALUE!	#VALUE!	#VALUE!	#VALUE!	#VALUE!	#VALUE!	#VALUE!	#VALUE!	#VALUE!	#VALUE!	#VALUE!	#VALUE!	#VALUE!	#VALUE!	#VALUE!	#VALUE!	#VALUE!	#VALUE!	#VALUE!	#VALUE!	#VALUE!	#VALUE!	#VALUE!	#VALUE!	#VALUE!	#VALUE!	#VALUE!	#VALUE!	#VALUE!	#VALUE!	#VALUE!	#VALUE!	#VALUE!	#VALUE!	#VALUE!	#VALUE!	#VALUE!	#VALUE!	#VALUE!	#VALUE!	#VALUE!	#VALUE!	#VALUE!
				#VALUE!	#VALUE!	#VALUE!	#VALUE!	#VALUE!	#VALUE!	#VALUE!	#VALUE!	#VALUE!	#VALUE!	#VALUE!	#VALUE!	#VALUE!	#VALUE!	#VALUE!	#VALUE!	#VALUE!	#VALUE!	#VALUE!	#VALUE!	#VALUE!	#VALUE!	#VALUE!	#VALUE!	#VALUE!	#VALUE!	#VALUE!	#VALUE!	#VALUE!	#VALUE!	#VALUE!	#VALUE!	#VALUE!	#VALUE!	#VALUE!	#VALUE!	#VALUE!	#VALUE!	#VALUE!	#VALUE!	#VALUE!	#VALUE!	#VALUE!	#VALUE!	#VALUE!	#VALUE!	#VALUE!	#VALUE!	#VALUE!	#VALUE!	#VALUE!	#VALUE!	#VALUE!	#VALUE!	#VALUE!	#VALUE!	#VALUE!	#VALUE!	#VALUE!	#VALUE!	#VALUE!	#VALUE!	#VALUE!	#VALUE!	#VALUE!	#VALUE!	#VALUE!	#VALUE!	#VALUE!	#VALUE!	#VALUE!	#VALUE!	#VALUE!	#VALUE!	#VALUE!	#VALUE!	#VALUE!	#VALUE!	#VALUE!	#VALUE!	#VALUE!	#VALUE!	#VALUE!	#VALUE!	#VALUE!	#VALUE!	#VALUE!	#VALUE!	#VALUE!	#VALUE!	#VALUE!	#VALUE!	#VALUE!	#VALUE!	#VALUE!	#VALUE!	#VALUE!	#VALUE!	#VALUE!	#VALUE!	#VALUE!	#VALUE!	#VALUE!	#VALUE!	#VALUE!	#VALUE!	#VALUE!	#VALUE!	#VALUE!
				#VALUE!	#VALUE!	#VALUE!	#VALUE!	#VALUE!	#VALUE!	#VALUE!	#VALUE!	#VALUE!	#VALUE!	#VALUE!	#VALUE!	#VALUE!	#VALUE!	#VALUE!	#VALUE!	#VALUE!	#VALUE!	#VALUE!	#VALUE!	#VALUE!	#VALUE!	#VALUE!	#VALUE!	#VALUE!	#VALUE!	#VALUE!	#VALUE!	#VALUE!	#VALUE!	#VALUE!	#VALUE!	#VALUE!	#VALUE!	#VALUE!	#VALUE!	#VALUE!	#VALUE!	#VALUE!	#VALUE!	#VALUE!	#VALUE!	#VALUE!	#VALUE!	#VALUE!	#VALUE!	#VALUE!	#VALUE!	#VALUE!	#VALUE!	#VALUE!	#VALUE!	#VALUE!	#VALUE!	#VALUE!	#VALUE!	#VALUE!	#VALUE!	#VALUE!	#VALUE!	#VALUE!	#VALUE!	#VALUE!	#VALUE!	#VALUE!	#VALUE!	#VALUE!	#VALUE!	#VALUE!	#VALUE!	#VALUE!	#VALUE!	#VALUE!	#VALUE!	#VALUE!	#VALUE!	#VALUE!	#VALUE!	#VALUE!	#VALUE!	#VALUE!	#VALUE!	#VALUE!	#VALUE!	#VALUE!	#VALUE!	#VALUE!	#VALUE!	#VALUE!	#VALUE!	#VALUE!	#VALUE!	#VALUE!	#VALUE!	#VALUE!	#VALUE!	#VALUE!	#VALUE!	#VALUE!	#VALUE!	#VALUE!	#VALUE!	#VALUE!	#VALUE!	#VALUE!	#VALUE!	#VALUE!	#VALUE!	#VALUE!